Pair,Cliff_delta,n_sys,n_rand
SortPair,-0.28407224958949095,29,21
GraphPair,0.07142857142857142,28,22
LPPair,0.143317230273752,27,23
SatPair,0.22241086587436332,31,19
MatMulPair,-0.033816425120772944,27,23
